"","Z1","theta","censoring","runtime"
"mean",0.685491951262743,1.64532450612922,0.76207,31.3331999999999
"sd",0.0257772737649224,0.0766313505415613,0.00275668435660946,0.552386499150994
