"","Z1","theta","censoring","runtime"
"mean",0.684123465875828,1.65351975085406,0.796968333333333,27.114
"sd",0.00970755880047303,0.0185216178574996,0.00239532015437924,0.548637706809605
