"","Z1","theta","censoring","runtime"
"mean",1.09182067522196,1.67777559208974,0.73168,34.5875999999999
"sd",0.0234391351118608,0.0730012085070598,0.00290772491778896,0.903369519570494
