"","Z1","theta","censoring","runtime"
"mean",1.09595159621895,1.9594313988833,0.219495,99.1805
"sd",0.00473551582317483,0.0327031694760825,0.00345699371644721,4.6454378396683
