"","Z1","theta","censoring","runtime"
"mean",0.691522359531745,1.9578027745221,0.20032,107.5942
"sd",0.00415421890126415,0.03243058387962,0.00351947667265784,4.73852409746139
