"","Z1","theta","censoring","runtime"
"mean",1.08689361790443,1.70055636306514,0.781631666666667,28.1312000000001
"sd",0.0100016014703491,0.0265438868577991,0.00207231084111968,0.965202776622697
