"","Z1","censoring","runtime"
"mean",0.313429101126217,0.395073333333333,0.0190640000000008
"sd",0.0554563777494021,0.0236622762587754,0.00036354963439957
