"","Z1","theta","censoring","runtime"
"mean",0.620301633235786,0.866115223189791,0.8827,0.0416840000000008
"sd",0.140134977243321,0.304219031411835,0.0134844063266991,0.00316799880569249
