"","Z1","theta","censoring","runtime"
"mean",1.05341005187999,1.69254970256801,0.78091,0.0804620000000086
"sd",0.128552391762474,0.561836834399688,0.0185366965297615,0.0102828025389982
