"","Z1","theta","censoring","runtime"
"mean",1.09127287029675,1.9780711227056,0.390186666666667,0.191161999999999
"sd",0.102284289413046,0.276955829566765,0.02459737328774,0.0164188584812591
