"","Z1","censoring","runtime"
"mean",0.342163239786907,0.37888,0.0166880000000004
"sd",0.0558097587301665,0.024326168178524,0.000668992602503454
