"","Z1","censoring","runtime"
"mean",0.393116389229461,0.199276666666667,0.0169680000000012
"sd",0.0492798701355028,0.0192778818601418,0.000517214676936093
