"","Z1","theta","censoring","runtime"
"mean",0.691101420891312,1.80179743126204,0.8827,0.0619240000000007
"sd",0.169061904084155,1.01105245143135,0.0134844063266991,0.00851252901907497
