"","Z1","theta","censoring","runtime"
"mean",1.04364563005417,1.1487961149147,0.218546666666667,0.199628000000015
"sd",0.0851429421684378,0.168225826260829,0.0192167099593323,0.0174824737888965
