"","Z1","theta","censoring","runtime"
"mean",0.978734612132897,2.1106429815391,0.390186666666667,0.136393999999995
"sd",0.0913812380705604,0.303952286964776,0.02459737328774,0.0120614144874838
