"","Z1","censoring","runtime"
"mean",0.333541182488832,0.22952,0.0186660000000084
"sd",0.0488233647068904,0.0189252134780074,0.000554128248903466
