"","Z1","theta","censoring","runtime"
"mean",1.06066728983294,1.80207070106849,0.218546666666667,0.186306000000002
"sd",0.0853192455598698,0.292324913498369,0.0192167099593323,0.0126948289221686
