"","Z1","censoring","runtime"
"mean",0.630410902516256,0.218546666666667,0.0170259999999926
"sd",0.0563274196056395,0.0192167099593323,0.000549479622673175
