"","Z1","theta","censoring","runtime"
"mean",0.599792463725509,1.1297354901604,0.795956666666667,0.0563379999999943
"sd",0.104698417022662,0.265283628407291,0.0180483192597163,0.00599463320433012
