"","Z1","theta","censoring","runtime"
"mean",0.952731744381794,1.16207457784493,0.78091,0.0579360000000079
"sd",0.106140883846413,0.268556127865311,0.0185366965297615,0.00607764588957322
