"","Z1","theta","censoring","runtime"
"mean",0.61523655226031,2.04971733801804,0.37888,0.140531999999999
"sd",0.0770175229241643,0.290837878293407,0.024326168178524,0.0115822827866148
