"","Z1","censoring","runtime"
"mean",0.443521051639879,0.773133333333333,0.0181779999999972
"sd",0.0913678671983901,0.0193482079466274,0.000382895832350828
