"","Z1","censoring","runtime"
"mean",0.541416742051702,0.390186666666667,0.0167379999999996
"sd",0.0609876938348169,0.02459737328774,0.000567450438363319
