"","Z1","theta","censoring","runtime"
"mean",0.671086080196582,1.89104412505544,0.795956666666667,0.0813720000000021
"sd",0.120824548788376,0.653313994156544,0.0180483192597163,0.012038249661394
