"","Z1","censoring","runtime"
"mean",0.507139651663747,0.795956666666667,0.0163420000000033
"sd",0.0942332739838773,0.0180483192597163,0.000491445864849225
