"","Z1","censoring","runtime"
"mean",0.787307268764566,0.78091,0.015760000000002
"sd",0.0909812920493332,0.0185366965297615,0.000467800892853695
