"","Z1","censoring","runtime"
"mean",0.479253369965838,0.860283333333333,0.0186179999999999
"sd",0.119209045760838,0.0149489873309941,0.00051827910092311
