"","Z1","theta","censoring","runtime"
"mean",0.686469570738268,1.97696219673556,0.37888,0.199272
"sd",0.0855124707797017,0.276366858587943,0.024326168178524,0.0182447734850019
