"","Z1","theta","censoring","runtime"
"mean",0.670847564777001,1.80838154835027,0.199276666666667,0.198772000000006
"sd",0.0714887355418331,0.295550181501727,0.0192778818601418,0.0142305668920168
