"","Z1","theta","censoring","runtime"
"mean",0.665258165133731,1.18793506421604,0.199276666666667,0.215993999999993
"sd",0.0727389516774272,0.249197376411337,0.0192778818601418,0.0219683221561588
