"","Z1","theta","censoring","runtime"
"mean",1.09019035449202,1.87897892866525,0.868493333333333,0.0657659999999989
"sd",0.186558597746102,0.921426085722199,0.0143242720422044,0.00886975699658103
