"","Z1","censoring","runtime"
"mean",0.846149958122736,0.868493333333333,0.0162880000000041
"sd",0.127346959494258,0.0143242720422044,0.000507514671993594
