"","Z1","censoring","runtime"
"mean",0.564753642694256,0.8827,0.016370000000001
"sd",0.128458586072182,0.0134844063266991,0.00054561469076648
