"","Z1","theta","censoring","runtime"
"mean",0.961843780774355,0.961667825104149,0.868493333333333,0.0444920000000025
"sd",0.142815960570409,0.286696533670301,0.0143242720422044,0.00369448703732472
