"","Z1","theta","censoring","runtime"
"mean",1.08387727160302,1.92213276203804,0.119716666666667,0.233854000000001
"sd",0.226644650345264,0.30444257177247,0.0149854360381396,0.0184060383705168
