"","Z1","theta","censoring","runtime"
"mean",0.629618885440844,1.16421756319008,0.763303333333333,0.06193
"sd",0.346932795843238,0.252573368274976,0.0198565381842296,0.00743017597571291
