"","Z1","theta","censoring","runtime"
"mean",1.10100087652703,1.95930275738431,0.293893333333333,0.244376
"sd",0.247605230946109,0.265009514911882,0.0241591564586328,0.020391917138143
