"","Z1","theta","censoring","runtime"
"mean",0.746392766807081,1.83683318990972,0.86329,0.0633079999999973
"sd",0.442514927646581,0.865553207874721,0.0149954832507905,0.00882887501713609
