"","Z1","theta","censoring","runtime"
"mean",0.682711431891389,1.8892499915192,0.14102,0.22398
"sd",0.223740649277607,0.296397791349551,0.0167088191066438,0.0160849323933984
