"","Z1","theta","censoring","runtime"
"mean",0.989494724773566,1.19906208145676,0.733433333333333,0.0677240000000035
"sd",0.330985287193268,0.251538074758304,0.0208807676429571,0.0081131665175747
