"","Z1","theta","censoring","runtime"
"mean",0.6990469238858,1.96095076163547,0.320013333333333,0.229004000000014
"sd",0.246168955779813,0.274021483755643,0.0243352924239501,0.0195074618064962
