"","Z1","theta","censoring","runtime"
"mean",1.14587786458063,1.84294470288199,0.84142,0.06919
"sd",0.429552129909169,0.728500277361034,0.0158347919730325,0.00976794376780014
